{
    "name": "root",
    "metadata": {
        "timer_format_version": "0.1.0",
        "start_time_seconds": "1744594102",
        "python_version": "3.9.13 (tags/v3.9.13:6de2ca5, May 17 2022, 16:36:42) [MSC v.1929 64 bit (AMD64)]",
        "command_line_arguments": "D:\\Unity\\Projects\\Machine_Learning_Project\\venv\\Scripts\\mlagents-learn --run-id=Test3",
        "mlagents_version": "0.30.0",
        "mlagents_envs_version": "0.30.0",
        "communication_protocol_version": "1.5.0",
        "pytorch_version": "2.6.0+cpu",
        "numpy_version": "1.21.2",
        "end_time_seconds": "1744594213"
    },
    "total": 111.1123075,
    "count": 1,
    "self": 0.008631199999996397,
    "children": {
        "run_training.setup": {
            "total": 0.04582269999999955,
            "count": 1,
            "self": 0.04582269999999955
        },
        "TrainerController.start_learning": {
            "total": 111.0578536,
            "count": 1,
            "self": 0.09245319999996582,
            "children": {
                "TrainerController._reset_env": {
                    "total": 12.7636612,
                    "count": 1,
                    "self": 12.7636612
                },
                "TrainerController.advance": {
                    "total": 98.08393180000004,
                    "count": 3653,
                    "self": 0.0975872999999865,
                    "children": {
                        "env_step": {
                            "total": 97.51457380000004,
                            "count": 3653,
                            "self": 93.78087000000028,
                            "children": {
                                "SubprocessEnvManager._take_step": {
                                    "total": 3.675795699999984,
                                    "count": 3653,
                                    "self": 0.28859940000013395,
                                    "children": {
                                        "TorchPolicy.evaluate": {
                                            "total": 3.38719629999985,
                                            "count": 3647,
                                            "self": 3.38719629999985
                                        }
                                    }
                                },
                                "workers": {
                                    "total": 0.05790809999977853,
                                    "count": 3652,
                                    "self": 0.0,
                                    "children": {
                                        "worker_root": {
                                            "total": 35.82974710000008,
                                            "count": 3652,
                                            "is_parallel": true,
                                            "self": 10.35324629999991,
                                            "children": {
                                                "steps_from_proto": {
                                                    "total": 0.0002859999999991203,
                                                    "count": 1,
                                                    "is_parallel": true,
                                                    "self": 0.00012569999999811898,
                                                    "children": {
                                                        "_process_rank_one_or_two_observation": {
                                                            "total": 0.0001603000000010013,
                                                            "count": 2,
                                                            "is_parallel": true,
                                                            "self": 0.0001603000000010013
                                                        }
                                                    }
                                                },
                                                "UnityEnvironment.step": {
                                                    "total": 25.476214800000168,
                                                    "count": 3652,
                                                    "is_parallel": true,
                                                    "self": 0.3460863999999617,
                                                    "children": {
                                                        "UnityEnvironment._generate_step_input": {
                                                            "total": 0.28745880000006885,
                                                            "count": 3652,
                                                            "is_parallel": true,
                                                            "self": 0.28745880000006885
                                                        },
                                                        "communicator.exchange": {
                                                            "total": 23.967854399999872,
                                                            "count": 3652,
                                                            "is_parallel": true,
                                                            "self": 23.967854399999872
                                                        },
                                                        "steps_from_proto": {
                                                            "total": 0.8748152000002669,
                                                            "count": 3652,
                                                            "is_parallel": true,
                                                            "self": 0.4220738000002431,
                                                            "children": {
                                                                "_process_rank_one_or_two_observation": {
                                                                    "total": 0.45274140000002383,
                                                                    "count": 7304,
                                                                    "is_parallel": true,
                                                                    "self": 0.45274140000002383
                                                                }
                                                            }
                                                        }
                                                    }
                                                }
                                            }
                                        }
                                    }
                                }
                            }
                        },
                        "trainer_advance": {
                            "total": 0.4717707000000182,
                            "count": 3652,
                            "self": 0.10255659999981148,
                            "children": {
                                "process_trajectory": {
                                    "total": 0.3692141000002067,
                                    "count": 3652,
                                    "self": 0.3692141000002067
                                }
                            }
                        }
                    }
                },
                "TrainerController._save_models": {
                    "total": 0.11780739999998957,
                    "count": 1,
                    "self": 0.0015913999999810358,
                    "children": {
                        "RLTrainer._checkpoint": {
                            "total": 0.11621600000000853,
                            "count": 1,